{"cameraMode":{"drawMode":0,"name":"Shaded","section":"Shading Mode"},"sceneLighting":false,"audioPlay":false,"sceneViewState":{"showFog":true,"showMaterialUpdate":false,"showSkybox":false,"showFlares":true,"showImageEffects":true,"showParticleSystems":true},"in2DMode":false,"pivot":{"x":-3.7739787101745607,"y":-0.15950283408164979,"z":0.17075997591018678},"rotation":{"x":0.12502610683441163,"y":-0.7785549163818359,"z":0.16423055529594422,"w":0.5926781296730042},"size":1.3973815441131592,"orthographic":false}