{"cameraMode":{"drawMode":0,"name":"Shaded","section":"Shading Mode"},"sceneLighting":false,"audioPlay":false,"sceneViewState":{"showFog":true,"showMaterialUpdate":false,"showSkybox":false,"showFlares":true,"showImageEffects":true,"showParticleSystems":true},"in2DMode":false,"pivot":{"x":-3.570051670074463,"y":-0.27781254053115847,"z":0.010239720344543457},"rotation":{"x":0.0924205631017685,"y":-0.8829910755157471,"z":0.195967897772789,"w":0.4164131283760071},"size":1.097381591796875,"orthographic":false}