{"cameraMode":{"drawMode":0,"name":"Shaded","section":"Shading Mode"},"sceneLighting":true,"audioPlay":false,"sceneViewState":{"showFog":true,"showMaterialUpdate":false,"showSkybox":true,"showFlares":true,"showImageEffects":true,"showParticleSystems":true},"in2DMode":false,"pivot":{"x":7.64111328125,"y":-1.5537109375,"z":18.802734375},"rotation":{"x":0.24394142627716065,"y":0.21541419625282288,"z":-0.055675119161605838,"w":0.9439356923103333},"size":11.064872741699219,"orthographic":true}