{"cameraMode":{"drawMode":0,"name":"Shaded","section":"Shading Mode"},"sceneLighting":true,"audioPlay":false,"sceneViewState":{"showFog":true,"showMaterialUpdate":false,"showSkybox":true,"showFlares":true,"showImageEffects":true,"showParticleSystems":true},"in2DMode":false,"pivot":{"x":-15.654990196228028,"y":16.404312133789064,"z":11.707117080688477},"rotation":{"x":0.1655920296907425,"y":0.8303622007369995,"z":-0.3285900950431824,"w":0.4184592366218567},"size":-9.854266166687012,"orthographic":false}