{"cameraMode":{"drawMode":0,"name":"Shaded","section":"Shading Mode"},"sceneLighting":true,"audioPlay":false,"sceneViewState":{"showFog":true,"showMaterialUpdate":true,"showSkybox":true,"showFlares":true,"showImageEffects":true,"showParticleSystems":true},"in2DMode":false,"pivot":{"x":5.831088066101074,"y":2.3148679733276369,"z":12.85163402557373},"rotation":{"x":0.018706731498241426,"y":0.7049456834793091,"z":-0.018620705232024194,"w":0.7087825536727905},"size":4.042182445526123,"orthographic":true}